"uniprot_gn_id","external_gene_name"
"A0A077S9N1","Lyz1"
"A0A087WNT3","Abi2"
"A0A087WPQ9","Nrxn3"
"A0A0A6YW88","Camkv"
"A0A0A6YWC8","Vim"
"A1BN54","Actn1"
"A1L3B8","Psmd7"
"A2A547","Rpl19"
"A2A6G9","Lasp1"
"A2ACH6","Sgcd"
"A2AIS0","Cacna1b"
"A2AKK5","Acnat1"
"A2AMH3","Slc44a1"
"A2AN08","Ubr4"
"A2AP31","Ndufb6"
"A2APY7","Ndufaf5"
"A2AS89","Agmat"
"A2ASM0","Lnpk"
"A2ASZ8","Slc25a25"
"A2ATU0","Dhtkd1"
"A2RSH4","Sv2c"
"A2RSV8","Cox4i1"
"A2RTC8","March5"
"A2RTT4","Ube2n"
"A3KML3","Ywhaq"
"A6H611","Mipep"
"A8IP69","Ywhag"
"B0R1E3","Hint1"
"B0V2N1","Ptprs"
"B0V2N8","Anxa2"
"B1AQR8","Lgals9"
"B1ARA3","Rpl26"
"B1AT92","Grb2"
"B1AXV0","Frrs1l"
"B1AZ42","Chmp6"
"B2MWM9","Calr"
"B2RPS1","Rab5b"
"B2RQQ1","Myh6"
"B2RRC5","Rabgap1"
"B2RRX2","Ppp3ca"
"B2RSH2","Gnai1"
"B2RSR7","Gpd1l"
"B2RSY3","Hepacam"
"B2RTM0","H4c2"
"B2RTM0","H4c1"
"B2RTM0","H4f16"
"B2RTM0","H4c8"
"B2RTM0","H4c6"
"B2RTM0","H4c4"
"B2RTM0","H4c3"
"B2RTM0","H4c11"
"B2RTM0","H4c12"
"B2RTM0","Hist1h4m"
"B2RTM0","Hist1h4n"
"B2RTM0","H4c9"
"B2RTM0","H4c14"
"B2RTM2","Ucp3"
"B2RUK5","Mccc2"
"B2RXA1","Plcxd2"
"B2RXY7","Cbr1"
"B6VGH4","Cyp1a2"
"B7ZMP1","Xpnpep3"
"B9EHN0","Uba1"
"B9EIX2","Cep170b"
"D2KHZ9","Gapdh"
"D3YVM5","Rplp0"
"D3YVZ9","Mrps21"
"D3YWY6","Mpc1"
"D3YZN4","Spg7"
"D3Z041","Acsl1"
"D3Z0F5","Cops6"
"D3Z0J2","Cav1"
"D3Z1B5","Phkg1"
"D3Z4U3","Ube2k"
"D3Z5I7","Dpp10"
"D3Z781","Etl4"
"D3Z7E5","Gsk3a"
"D3Z7P3","Gls"
"D6RCW7","Capza2"
"D6RE51","Faf2"
"D6RHS6","Pebp1"
"E0CXN5","Gpd1"
"E0CYP1","Ccdc127"
"E9PUL5","Prrt2"
"E9PV24","Fga"
"E9PWU7","Kifc3"
"E9PXC0","Srp54c"
"E9PXV3","Camk2d"
"E9PZW0","Dsp"
"E9Q0U7","Hsph1"
"E9Q242","Adsl"
"E9Q4G8","Alcam"
"E9Q706","Adcy9"
"E9Q8N1","Ttn"
"E9Q9C5","Atp6v0c"
"E9QAI5","Cad"
"E9QLB2","Lyplal1"
"E9QQ96","Obscn"
"F6U7V1","Ryr2"
"F8VQ42","Kif2a"
"F8WGT1","Ahcyl2"
"F8WHL1","Slc30a9"
"G3UXX3","Spr"
"G3UYU6","Ptprd"
"G3UZA4","Csnk2b"
"G3X9V4","Grin2b"
"G5E829","Atp2b1"
"G5E850","Cyb5a"
"G5E884","Pak1"
"G5E8D1","Sprr2k"
"G5E8K2","Ank3"
"G5E8R3","Pcx"
"G5E8V8","Phax"
"H3BJK5","Cog2"
"H7BX88","Crat"
"I7HLV2","Rpl10"
"J3QP43","Stum"
"J3QP56","Lypla1"
"J7NUP1","Irgm1"
"K3W4M2","Ryr1"
"K3W4Q8","Bsg"
"K3W4R2","Myh14"
"K4DI76","Cadps"
"O08532","Cacna2d1"
"O08539","Bin1"
"O08553","Dpysl2"
"O08599","Stxbp1"
"O08601","Mttp"
"O08749","Dld"
"O08807","Prdx4"
"O35136","Ncam2"
"O35295","Purb"
"O35405","Pld3"
"O35459","Ech1"
"O35488","Slc27a2"
"O35490","Bhmt"
"O35490","Gm5096"
"O35566","Cd151"
"O35678","Mgll"
"O35685","Nudc"
"O35864","Cops5"
"O54824","Il16"
"O54991","Cntnap1"
"O55042","Snca"
"O55143","Atp2a2"
"O55234","Psmb5"
"O70161","Pip5k1c"
"O88451","Rdh7"
"O88587","Comt"
"O88704","Hcn1"
"O88712","Ctbp1"
"O88737","Bsn"
"O88908","Soat2"
"O88935","Syn1"
"O88967","Yme1l1"
"O88986","Gcat"
"O89104","Sypl2"
"P00920","Car2"
"P01027","C3"
"P03995","Gfap"
"P05063","Aldoc"
"P05202","Got2"
"P05213","Tuba1b"
"P06745","Gpi1"
"P06837","Gap43"
"P08249","Mdh2"
"P08752","Gnai2"
"P09055","Itgb1"
"P09411","Pgk1"
"P10649","Gstm1"
"P11352","Gpx1"
"P11798","Camk2a"
"P11881","Itpr1"
"P11930","Nudt19"
"P11983","Tcp1"
"P12787","Cox5a"
"P12960","Cntn1"
"P14115","Rpl27a"
"P14152","Mdh1"
"P15105","Glul"
"P16054","Prkce"
"P16125","Ldhb"
"P16332","Mmut"
"P17426","Ap2a1"
"P17665","Cox7c"
"P17751","Tpi1"
"P19096","Fasn"
"P19157","Gstp1"
"P20108","Prdx3"
"P21614","Gc"
"P23242","Gja1"
"P23589","Car5a"
"P24456","Cyp2d10"
"P24457","Cyp2d11"
"P24527","Lta4h"
"P24549","Aldh1a1"
"P26443","Glud1"
"P26883","Fkbp1a"
"P27773","Pdia3"
"P28652","Camk2b"
"P28660","Nckap1"
"P28663","Napb"
"P28665","Mug1"
"P30416","Fkbp4"
"P31650","Slc6a11"
"P32020","Scp2"
"P33267","Cyp2f2"
"P35436","Grin2a"
"P36552","Cpox"
"P37040","Por"
"P38647","Hspa9"
"P39039","Mbl1"
"P39053","Dnm1"
"P40142","Tkt"
"P40240","Cd9"
"P42125","Eci1"
"P45952","Acadm"
"P46460","Nsf"
"P46660","Ina"
"P47857","Pfkm"
"P48410","Abcd1"
"P48722","Hspa4l"
"P48771","Cox7a2"
"P48774","Gstm5"
"P48962","Slc25a4"
"P49442","Inpp1"
"P49722","Psma2"
"P50285","Fmo1"
"P50396","Gdi1"
"P50516","Atp6v1a"
"P50518","Atp6v1e1"
"P50544","Acadvl"
"P51658","Hsd17b2"
"P51863","Atp6v0d1"
"P52430","Pon1"
"P52480","Pkm"
"P52503","Ndufs6"
"P52760","Rida"
"P53395","Dbt"
"P54071","Idh2"
"P54869","Hmgcs2"
"P56135","Atp5j2"
"P56213","Gfer"
"P56375","Acyp2"
"P56376","Acyp1"
"P56379","Atp5mpl"
"P56391","Cox6b1"
"P56480","Atp5b"
"P56593","Cyp2a12"
"P58281","Opa1"
"P60335","Pcbp1"
"P60469","Ppfia3"
"P60487","Pdxp"
"P60603","Romo1"
"P60766","Cdc42"
"P60879","Snap25"
"P60904","Dnajc5"
"P61082","Ube2m"
"P61164","Actr1a"
"P61264","Stx1b"
"P61804","Dad1"
"P61922","Abat"
"P62075","Timm13"
"P62141","Ppp1cb"
"P62631","Eef1a2"
"P62774","Mtpn"
"P62814","Atp6v1b2"
"P62830","Rpl23"
"P63038","Hspd1"
"P63085","Mapk1"
"P63101","Ywhaz"
"P63137","Gabrb2"
"P63141","Kcna2"
"P63213","Gng2"
"P63216","Gng3"
"P67778","Phb"
"P68134","Acta1"
"P68181","Prkacb"
"P68368","Tuba4a"
"P68369","Tuba1a"
"P68372","Tubb4b"
"P68404","Prkcb"
"P68510","Ywhah"
"P70227","Itpr3"
"P70245","Ebp"
"P80316","Cct5"
"P82349","Sgcb"
"P82350","Sgca"
"P84075","Hpca"
"P84084","Arf5"
"P85094","Isoc2a"
"P97300","Nptn"
"P97427","Crmp1"
"P97450","Atp5j"
"P97478","Coq7"
"P97807","Fh1"
"P97872","Fmo5"
"P99024","Tubb5"
"P99026","Psmb4"
"P99028","Uqcrh"
"Q00897","Serpina1d"
"Q01853","Vcp"
"Q02257","Jup"
"Q03265","Atp5a1"
"Q04447","Ckb"
"Q05421","Cyp2e1"
"Q07417","Acads"
"Q08189","Tgm3"
"Q0PD35","Rab21"
"Q0PD38","Rab18"
"Q0PD50","Rab8a"
"Q0PD53","Rab6b"
"Q0PD63","Rab3a"
"Q0PD65","Rab2a"
"Q0VE46","Myadm"
"Q0VGQ1","Hsd17b12"
"Q11011","Npepps"
"Q149B8","Perm1"
"Q14AI7","Cops4"
"Q14BI2","Grm2"
"Q14BR4","Arf4"
"Q14BZ3","Lxn"
"Q14C51","Ptcd3"
"Q14DH7","Acss3"
"Q1MXF8","Scn2b"
"Q2NKI4","Prkcg"
"Q2TPA8","Hsdl2"
"Q2UZW7","Mapre3"
"Q3TD51","Picalm"
"Q3TDD9","Ppp1r21"
"Q3TDK6","Rogdi"
"Q3TF41","Nap1l1"
"Q3TG37","Slc9a3r1"
"Q3TJ39","Rab5c"
"Q3TJI8","Hsd11b1"
"Q3TJN1","Bcat1"
"Q3TL44","Nlrx1"
"Q3TLP5","Echdc2"
"Q3TLQ4","Mrps6"
"Q3TMP8","Tmem38a"
"Q3TMU8","Dpysl4"
"Q3TPC7","Phyh"
"Q3TQ70","Gnb1"
"Q3TT92","Dpysl3"
"Q3TVJ8","Ssr4"
"Q3TWV4","Ap2m1"
"Q3TWZ9","Cltb"
"Q3TX38","Vdac3"
"Q3TXS7","Psmd1"
"Q3TXX4","Slc17a7"
"Q3TYV5","Cnp"
"Q3U0T9","Rab35"
"Q3U276","Sdhaf1"
"Q3U344","Arf3"
"Q3U4H0","Mapre1"
"Q3U4U6","Cct3"
"Q3U4W5","Rab6a"
"Q3U4W8","Usp5"
"Q3U518","Prkcsh"
"Q3U5Q7","Cmpk2"
"Q3U6D7","Syngr1"
"Q3U9V4","Gnb2"
"Q3UBU9","Fkbp3"
"Q3UCH0","Rpl6"
"Q3UDK5","Cox7a2l"
"Q3UDP9","Slc16a3"
"Q3UDZ1","Rhog"
"Q3UEK1","Mbl2"
"Q3UEN8","Cyp3a11"
"Q3UFJ3","Pdha1"
"Q3UGN1","Gng7"
"Q3UGR5","Hdhd2"
"Q3UGY7","Fbxo41"
"Q3UHB1","Nt5dc3"
"Q3UHH5","Gnaq"
"Q3UHJ0","Aak1"
"Q3UHK5","Atp1a2"
"Q3UHW9","Cfl2"
"Q3UII2","Cd82"
"Q3UJ34","Ass1"
"Q3UJ76","Ap2s1"
"Q3UJU9","Rmdn3"
"Q3UM45","Ppp1r7"
"Q3UM63","Slc30a1"
"Q3UMR5","Mcu"
"Q3UN10","Wfs1"
"Q3UN47","Endog"
"Q3UNH4","Gprin1"
"Q3UNX5","Acsm3"
"Q3UNZ8","Cryzl2"
"Q3UPX0","Crym"
"Q3UQL2","Cops3"
"Q3UR55","Atp1b2"
"Q3URE1","Acsf3"
"Q3URG1","Tppp"
"Q3URS9","Ccdc51"
"Q3UUI3","Them4"
"Q3UV17","Krt76"
"Q3UW87","Cyp3a13"
"Q3UWU7","Diras2"
"Q3UX10","Tubal3"
"Q3UYC0","Ppm1h"
"Q3UYK6","Slc1a2"
"Q3UYM8","Plp1"
"Q3V235","Phb2"
"Q3V2F7","Fabp1"
"Q3V3R1","Mthfd1l"
"Q3ZB60","Mag"
"Q49S98","Slc32a1"
"Q4FE56","Usp9x"
"Q4FJL0","Rab10"
"Q4FJM5","Rhob"
"Q4FJQ0","Rab7"
"Q4FJX4","Csrp1"
"Q4FJX9","Sod2"
"Q4KL81","Actg1"
"Q4KMM3","Oxr1"
"Q4VAE3","Tmem65"
"Q4VAG4","Rpl22"
"Q4W4C9","Vsnl1"
"Q501P1","Fbln7"
"Q505D7","Opa3"
"Q50H70","Aqp4"
"Q52L78","Cryab"
"Q540I4","Flot1"
"Q542H7","Fabp4"
"Q542I9","Psmc1"
"Q542P2","Gpm6a"
"Q542P5","Cbr2"
"Q542R8","Gnaz"
"Q542S9","Sntb2"
"Q542T7","Rab3c"
"Q542X7","Cct2"
"Q543J0","Uox"
"Q543Q4","Rab3d"
"Q543S2","Gnao1"
"Q543Y7","Pacsin1"
"Q544B1","Aldh2"
"Q544F7","Gabra1"
"Q544J2","Pdk4"
"Q544Q7","Atp1b3"
"Q544Y7","Cfl1"
"Q545A2","Slc25a5"
"Q545F0","Mif"
"Q545K0","Ndufa1"
"Q545N7","Ckmt1"
"Q545P0","Atp1b1"
"Q545R3","Ndrg1"
"Q545S0","Tst"
"Q545V3","Eno2"
"Q545Y3","Tpm1"
"Q546G4","Alb"
"Q548L4","Gad2"
"Q548L6","Gad1"
"Q548W7","Dbi"
"Q561N4","Ube2l3"
"Q564F4","Cct4"
"Q56A15","Gm10053"
"Q56A15","Cycs"
"Q571F8","Gls2"
"Q58E64","Eef1a1"
"Q59J78","Ndufaf2"
"Q5BLJ9","Rpl27"
"Q5EBJ4","Ermn"
"Q5F258","Git1"
"Q5F285","Tmem256"
"Q5FW57","Gm4952"
"Q5FW97","Eno1"
"Q5FW97","Eno1b"
"Q5FW98","Cox7b"
"Q5FWB7","Aldoa"
"Q5FWK3","Arhgap1"
"Q5M8N0","Cnrip1"
"Q5M8N4","Sdr39u1"
"Q5M9J9","Akr1b7"
"Q5M9M0","Rpl13a"
"Q5M9N8","Rpl7"
"Q5NC81","Nme1"
"Q5NCE8","Mrs2"
"Q5NCI4","Pgam2"
"Q5ND42","Pitpna"
"Q5RKZ7","Mocs1"
"Q5SQX6","Cyfip2"
"Q5SS40","Ywhae"
"Q5SSP3","Slc1a4"
"Q5SUC3","Canx"
"Q5SV02","Rad50"
"Q5SVF7","Nipsnap1"
"Q5SVG5","Ap1b1"
"Q5SVY2","Ppia"
"Q5SW18","Pafah1b1"
"Q5SW83","Actr2"
"Q5SX39","Myh4"
"Q5U458","Dnajc11"
"Q5XJY4","Parl"
"Q60597","Ogdh"
"Q60625","Icam5"
"Q60692","Psmb6"
"Q60759","Gcdh"
"Q60771","Cldn11"
"Q60930","Vdac2"
"Q60932","Vdac1"
"Q60936","Coq8a"
"Q61102","Abcb7"
"Q61171","Prdx2"
"Q61176","Arg1"
"Q61301","Ctnna2"
"Q61411","Hras"
"Q61425","Hadh"
"Q61553","Fscn1"
"Q61578","Fdxr"
"Q61586","Gpam"
"Q61598","Gdi2"
"Q61625","Grid2"
"Q61694","Hsd3b5"
"Q61733","Mrps31"
"Q61753","Phgdh"
"Q61768","Kif5b"
"Q61838","Pzp"
"Q61879","Myh10"
"Q62108","Dlg4"
"Q62261","Sptbn1"
"Q62418","Dbnl"
"Q62420","Sh3gl2"
"Q62425","Ndufa4"
"Q62442","Vamp1"
"Q63880","Ces3a"
"Q63886","Ugt1a1"
"Q64332","Syn2"
"Q64444","Car4"
"Q64458","Cyp2c29"
"Q64521","Gpd2"
"Q64727","Vcl"
"Q68FD5","Cltc"
"Q69ZK9","Nlgn2"
"Q6GQS1","Slc25a23"
"Q6GQT9","Nomo1"
"Q6IM74","Rtn2"
"Q6NVE9","Pptc7"
"Q6P3A8","Bckdhb"
"Q6P8J7","Ckmt2"
"Q6P8X1","Snx6"
"Q6PB66","Lrpprc"
"Q6PDI6","Mindy2"
"Q6PDS5","Pde1b"
"Q6PE15","Abhd10"
"Q6PGE7","Slc6a7"
"Q6PIC6","Atp1a3"
"Q6RI64","Psmb1"
"Q6ZQ38","Cand1"
"Q6ZWQ5","Snx12"
"Q6ZWR0","Rap2b"
"Q6ZWV7","Rpl35"
"Q6ZWV7","Gm2000"
"Q71LX8","Hsp90ab1"
"Q78IK2","Atp5md"
"Q78IK4","Apool"
"Q78ZJ8","Rab11b"
"Q791T5","Mtch1"
"Q792A4","Cox7a1"
"Q7GIP5","mt-Nd3"
"Q7JCX7","mt-Co3"
"Q7JCY9","mt-Atp6"
"Q7JCZ0","mt-Atp8"
"Q7JCZ1","mt-Co2"
"Q7TMF3","Ndufa12"
"Q7TMG8","Nipsnap2"
"Q7TMM9","Tubb2a"
"Q7TMY8","Huwe1"
"Q7TNS2","Micos10"
"Q7TQ48","Srl"
"Q7TQD5","Cpt1a"
"Q7TQF7","Amph"
"Q7TQI3","Otub1"
"Q7TSJ2","Map6"
"Q7TSQ8","Pdpr"
"Q80SU3","Zar1"
"Q80SW1","Ahcyl1"
"Q80T41","Gabbr2"
"Q80TB8","Vat1l"
"Q80TF6","Stard9"
"Q80X35","Map2"
"Q80Y52","Hsp90aa1"
"Q8BGZ7","Krt75"
"Q8BTU6","Eif4a2"
"Q8C446","Gabrb3"
"Q8CFE3","Rcor1"
"Q8CHR4","Vamp2"
"Q8K169","Ugt2b5"
"Q8K1K2","Psmc5"
"Q8R1A8","Otc"
"Q921L6","Cttn"
"Q9CQM8","Rpl21"
"Q9DCY1","Ppib"
"Q9EQ83","Sgcg"
"Q9JI95","Hspe1-rs1"
"Q9MD59","mt-Nd2"
"Q9MD68","mt-Co1"
"Q9MD82","mt-Nd5"
"Z4YKM2","Cisd3"
"Z4YKV1","Gnas"
"A0A076FSX1","Slc12a5"
"A0A087WQH8","Slc35a4"
"A0A087WRJ2","Abhd14b"
"A0A087WSS1","Relch"
"A0A087WSU3","Ndufs1"
"A0A0A6YVU8","Gm9774"
"A0A0A6YWF5","Slc38a3"
"A0A0A6YX18","Atp6v1h"
"A0A0A6YX73","Prkar2a"
"A0A0A6YXD3","Ndufs2"
"A0A0A6YXW4","Mrpl30"
"A0A0A6YY47","Ncam1"
"A2A5N2","Ywhab"
"A2A6T4","Mrpl58"
"A2AE27","Ampd2"
"A2AFG7","L1cam"
"A2AKD6","Pxmp4"
"A2AKH7","Lrrc57"
"A2AKU9","Atp5c1"
"A2AKV3","Atp5c1"
"A2AQ17","Ndufaf1"
"A2AVJ7","Rrbp1"
"A2AWI7","Sh3glb2"
"A2RSW6","Amt"
"A3KGU5","Sptan1"
"A6PWX7","Uqcc1"
"A8Y5N4","Hsd17b13"
"B1AQX6","Srcin1"
"B1AU25","Aifm1"
"B1AWN6","Scn2a"
"B1B1D7","Mrpl2"
"B2KF83","Mthfs"
"B2RS41","Aldh5a1"
"B2RSN3","Tubb2b"
"B2RSR0","Cyp4v3"
"B2RUC7","Strap"
"B2RV71","Card19"
"B2RXT3","Ogdhl"
"B9EHZ5","Mpp6"
"B9EIC7","Phyhip"
"D0VYV6","Epb41l3"
"D3YTP3","Mtx3"
"D3YUM1","Ndufv1"
"D3YVC9","Slc25a16"
"D3YVI6","Cops7a"
"D3YVQ5","Sirt3"
"D3YY38","Slc7a14"
"D3YYG8","Prxl2a"
"D3YYK0","Abhd11"
"D3YZ54","Hacl1"
"D3YZ62","Myo5a"
"D3Z0D9","Dnajc12"
"D3Z0G0","Nif3l1"
"D3Z0U5","Katnal2"
"D3Z140","Zfp105"
"D3Z1G7","Mmab"
"D3Z1H9","Gltp"
"D3Z2K2","Mrps14"
"D3Z396","Ntm"
"D3Z3B8","Dlg1"
"D3Z494","Akr1b10"
"D3Z4D6","Uqcc2"
"D3Z4T6","Negr1"
"D3Z5T2","Armc10"
"D3Z636","Ppa2"
"D3Z645","Vps29"
"D3Z6I8","Tpm3"
"D3Z7X0","Acad12"
"D6REF2","Stag1"
"D6REG4","Grhpr"
"D6REH1","Pxmp2"
"D6RFU9","Sypl"
"E0CXW2","Adck5"
"E0CZ52","H1f8"
"E9PUC5","Psd3"
"E9PUM4","Tln2"
"E9PUT1","Tbrg4"
"E9PWK1","Ephx1"
"E9PXB9","Timm22"
"E9PYA3","Hagh"
"E9PZF0","Gm20390"
"E9Q0I8","Homer1"
"E9Q1K3","Add1"
"E9Q2W9","Actn4"
"E9Q397","Sptb"
"E9Q3V2","Slc35a3"
"E9Q3W4","Plec"
"E9Q456","Tpm1"
"E9Q4M4","Chchd6"
"E9Q5I9","Psmd13"
"E9Q5X7","Ralyl"
"E9Q6Q4","Rap1gds1"
"E9Q7N5","Gfm2"
"E9Q7S0","Synj1"
"E9Q800","Immt"
"E9Q8N8","Slc4a4"
"E9Q919","Dctn3"
"E9Q933","Tmem11"
"E9Q9C6","Fcgbp"
"E9QA46","Pex3"
"E9QA63","Macf1"
"E9QJS0","Mrps10"
"E9QNH7","Acbd5"
"F6RJV6","Lancl2"
"F6ZFT1","Ndufab1"
"F7AAP4","Atp2b4"
"F7BP55","Ak2"
"F7CZ64","Cacng8"
"F8VPK5","Rock2"
"G3UYZ1","Igsf8"
"G3UZM4","Cadm2"
"G3X9F4","Tmem143"
"H3BJ37","Comtd1"
"H3BJP2","Esd"
"H3BKL8","Dusp3"
"H3BLR8","Nudt3"
"I3ITR1","AK157302"
"J3QMN4","Txnrd2"
"J3QQ44","Sh3gl3"
"K3W4L0","Myo18a"
"Q0PD15","Rab39"
"Q0PD66","Rab1b"
"Q0VB06","Necap1"
"Q149D1","Thnsl1"
"Q14AZ9","Zadh2"
"Q14B21","Mrpl9"
"Q14DI6","Acot4"
"Q1XG81","Higd1a"
"Q1XID4","Atp6ap2"
"Q2KHK7","Mal2"
"Q3TA40","6430548M08Rik"
"Q3TCD4","Eci2"
"Q3TCR7","Dnm2"
"Q3TG58","Eif4h"
"Q3TGR2","Fgb"
"Q3TML0","Pdia6"
"Q3TPZ5","Dctn2"
"Q3TRJ1","Vps35"
"Q3TWG5","Dync1li1"
"Q3TYE5","Lsamp"
"Q3U2G2","Hspa4"
"Q3U489","Ak4"
"Q3U7Z6","Pgam1"
"Q3U8Y1","Mrps11"
"Q3UC14","Sfxn2"
"Q3UEE8","Hao1"
"Q3UEJ8","Pipox"
"Q3UEM7","Fgg"
"Q3UEP4","Ugt2b36"
"Q3UER1","Aldob"
"Q3UGC8","Pcca"
"Q3UHH0","Atp2b2"
"Q3UJ95","Pip4k2b"
"Q3ULF7","Actr3"
"Q3UMM1","Tubb6"
"Q3UPK6","Psma5"
"Q3US81","Gpm6b"
"Q3USC7","Gdap1l1"
"Q3USR5","Fbxo2"
"Q3UVJ7","Decr2"
"Q3UXD9","Pecr"
"Q3UYN2","Cpne6"
"Q45TP8","Cmtm5"
"Q4FJK0","Decr1"
"Q4FJL2","Rtn1"
"Q4FJR4","Pdk3"
"Q4FJU3","Crip2"
"Q4FK36","Dstn"
"Q4FK79","Ssr3"
"Q4KL41","Tomm20"
"Q4VA32","Acot13"
"Q4VAE6","Rhoa"
"Q4VBX4","Ube2v2"
"Q504N4","Dguok"
"Q50HX4","Rab14"
"Q53ZD4","Mgst1"
"Q540D7","Akr1a1"
"Q542H2","Psma7"
"Q542N8","Palm"
"Q542T4","Mbp"
"Q543E2","Slc25a15"
"Q543N5","Clic4"
"Q544F6","Cotl1"
"Q544M1","Ly6h"
"Q544R1","Plpbp"
"Q545G0","Psmb3"
"Q545H3","Timm17b"
"Q545I6","Ctsz"
"Q547J4","Mapt"
"Q548F2","Gda"
"Q54A87","Atp6v1g2"
"Q561M1","Acp1"
"Q564E8","Rpl4"
"Q58DZ5","Mrps33"
"Q5HZY7","Atp6v1g1"
"Q5I0W0","Atp5pb"
"Q5ICG5","Acsl6"
"Q5M8Q0","Rpl15"
"Q5M9J2","Hint2"
"Q5NCJ9","Uqcr10"
"Q5SW88","Rab1a"
"Q5SX53","Slc25a11"
"Q5UE59","Klc1"
"Q5XJF6","Rpl10a"
"Q68FG2","Sptbn2"
"Q6A0D1","Emc2"
"Q6DFY2","Opcml"
"Q6GQU1","Hk1"
"Q6GT24","Prdx6"
"Q6P6I8","Sirpa"
"Q6P8N8","Clpx"
"Q6PBC0","Cds2"
"Q6ZWS7","Camk2g"
"Q6ZWZ4","Rpl36"
"Q6ZWZ7","Rpl17"
"Q7M6W1","Rtn1"
"Q80TL4","Phf24"
"Q80TZ3","Dnajc6"
"Q80U23","Snph"
"Q80VM5","Dpp6"
"Q80WM4","Hapln4"
"Q80X85","Mrps7"
"Q80XN0","Bdh1"
"Q80Y14","Glrx5"
"Q80ZS3","Mrps26"
"Q810U3","Nfasc"
"Q810U4","Nrcam"
"Q8BFZ3","Actbl2"
"Q8BFZ9","Erlin2"
"Q8BG39","Sv2b"
"Q8BG51","Rhot1"
"Q8BGA8","Acsm5"
"Q8BGF9","Slc25a44"
"Q8BGH2","Samm50"
"Q8BGN3","Enpp6"
"Q8BGN8","Synpr"
"Q8BGT5","Gpt2"
"Q8BGT8","Phyhipl"
"Q8BGX3","Lrtm2"
"Q8BGY7","Fam210a"
"Q8BH59","Slc25a12"
"Q8BH66","Atl1"
"Q8BH80","Vapb"
"Q8BH95","Echs1"
"Q8BHC4","Dcakd"
"Q8BHE3","Atcay"
"Q8BHN3","Ganab"
"Q8BIJ6","Iars2"
"Q8BJ03","Cox15"
"Q8BJ64","Chdh"
"Q8BJH1","Zc2hc1a"
"Q8BJI1","Slc6a17"
"Q8BK48","Ces2e"
"Q8BK72","Mrps27"
"Q8BKZ9","Pdhx"
"Q8BL66","Eea1"
"Q8BMF3","Me3"
"Q8BMF4","Dlat"
"Q8BMS1","Hadha"
"Q8BP40","Acp6"
"Q8BP67","Rpl24"
"Q8BPN8","Dmxl2"
"Q8BPW9","Dnpep"
"Q8BSE0","Rmdn2"
"Q8BTG7","Ndrg4"
"Q8BU88","Mrpl22"
"Q8BUV3","Gphn"
"Q8BUY5","Timmdc1"
"Q8BVI4","Qdpr"
"Q8BW75","Maob"
"Q8BWM0","Ptges2"
"Q8BWQ1","Ugt2a3"
"Q8BWT1","Acaa2"
"Q8BWW3","Pgm3"
"Q8BY89","Slc44a2"
"Q8BYI9","Tnr"
"Q8BYL4","Yars2"
"Q8C048","Atp2b3"
"Q8C0E2","Vps26b"
"Q8C0M9","Asrgl1"
"Q8C165","Pm20d1"
"Q8C196","Cps1"
"Q8C1B7","Sept11"
"Q8C2Q8","Atp5c1"
"Q8C419","Gpr158"
"Q8C5H8","Nadk2"
"Q8C5R8","Prps1l1"
"Q8C605","Pfkp"
"Q8C7H1","Mmaa"
"Q8C845","Efhd2"
"Q8C996","Tmem163"
"Q8CAQ8","Immt"
"Q8CBM2","Asph"
"Q8CC88","Vwa8"
"Q8CFX1","H6pd"
"Q8CG76","Akr7a5"
"Q8CGK3","Lonp1"
"Q8CHQ9","Nat8f2"
"Q8CHT0","Aldh4a1"
"Q8JZN5","Acad9"
"Q8JZS0","Lin7a"
"Q8JZU2","Slc25a1"
"Q8JZZ0","Ugt3a2"
"Q8K0D5","Gfm1"
"Q8K0L3","Acsm2"
"Q8K0U4","Hspa12a"
"Q8K0Z7","Taco1"
"Q8K154","Ugt2b34"
"Q8K1Z0","Coq9"
"Q8K215","Lyrm4"
"Q8K221","Arfip2"
"Q8K2B3","Sdha"
"Q8K2C6","Sirt5"
"Q8K2C9","Hacd3"
"Q8K2M0","Mrpl38"
"Q8K2Y7","Mrpl47"
"Q8K354","Cbr3"
"Q8K370","Acad10"
"Q8K411","Pitrm1"
"Q8K4Z3","Naxe"
"Q8QZR3","Ces2a"
"Q8QZS1","Hibch"
"Q8QZT1","Acat1"
"Q8R084","Ugt2b1"
"Q8R086","Suox"
"Q8R0F8","Fahd1"
"Q8R0Y6","Aldh1l1"
"Q8R0Y8","Slc25a42"
"Q8R191","Syngr3"
"Q8R1S0","Coq6"
"Q8R2K3","Ssbp1"
"Q8R2Y8","Ptrh2"
"Q8R404","Micos13"
"Q8R429","Atp2a1"
"Q8R464","Cadm4"
"Q8R4N0","Clybl"
"Q8R5C5","Actr1b"
"Q8R5H6","Wasf1"
"Q8R5L1","C1qbp"
"Q8VBV7","Cops8"
"Q8VCR2","Hsd17b13"
"Q8VCT4","Ces1d"
"Q8VCW8","Acsf2"
"Q8VCZ9","Prodh2"
"Q8VDD5","Myh9"
"Q8VDK1","Nit1"
"Q8VDN2","Atp1a1"
"Q8VDQ8","Sirt2"
"Q8VE22","Mrps23"
"Q8VE38","Oxnad1"
"Q8VEK0","Tmem30a"
"Q91V12","Acot7"
"Q91V16","Etfrf1"
"Q91V61","Sfxn3"
"Q91V92","Acly"
"Q91VA0","Acsm1"
"Q91VA6","Poldip2"
"Q91VA7","Idh3b"
"Q91VB8","Hba-a1"
"Q91VB8","Hba-a2"
"Q91VC9","Ghitm"
"Q91VD9","Ndufs1"
"Q91VT4","Cbr4"
"Q91W97","Hkdc1"
"Q91WD5","Ndufs2"
"Q91WH2","Ugt2b38"
"Q91WK1","Spryd4"
"Q91WL5","Cyp4a12a"
"Q91WM2","Hdhd5"
"Q91WN4","Kmo"
"Q91WS0","Cisd1"
"Q91X34","Baat"
"Q91X77","Cyp2c50"
"Q91XC9","Pex16"
"Q91XE0","Glyat"
"Q91XE8","Tmem205"
"Q91XM9","Dlg2"
"Q91XV3","Basp1"
"Q91YJ5","Mtif2"
"Q91YP0","L2hgdh"
"Q91YR1","Twf1"
"Q91YY4","Atpaf2"
"Q91ZJ5","Ugp2"
"Q91ZP9","Necab2"
"Q91ZZ3","Sncb"
"Q920A7","Afg3l1"
"Q920I9","Wdr7"
"Q921C1","Gjc3"
"Q921G7","Etfdh"
"Q921H8","Acaa1a"
"Q921H9","Coa7"
"Q921I1","Trf"
"Q921M7","Fam49b"
"Q921X9","Pdia5"
"Q922B1","Macrod1"
"Q922Q1","Marc2"
"Q922S4","Pde2a"
"Q924L1","Letmd1"
"Q924T2","Mrps2"
"Q925I1","Atad3a"
"Q925N0","Sfxn5"
"Q93092","Taldo1"
"Q99J39","Mlycd"
"Q99JB2","Stoml2"
"Q99JI4","Psmd6"
"Q99JP7","Ggt7"
"Q99JR1","Sfxn1"
"Q99JY0","Hadhb"
"Q99JY8","Plpp3"
"Q99JZ4","Sar1a"
"Q99KE1","Me2"
"Q99KI0","Aco2"
"Q99KR3","Lactb2"
"Q99KR7","Ppif"
"Q99L04","Dhrs1"
"Q99L13","Hibadh"
"Q99LC3","Ndufa10"
"Q99LC5","Etfa"
"Q99LP6","Grpel1"
"Q99LY9","Ndufs5"
"Q99M73","Krt84"
"Q99M87","Dnaja3"
"Q99MN9","Pccb"
"Q99MR8","Mccc1"
"Q99N15","Hsd17b10"
"Q99N28","Cadm3"
"Q99N92","Mrpl27"
"Q99N93","Mrpl16"
"Q99N96","Mrpl1"
"Q99P30","Nudt7"
"Q99P72","Rtn4"
"Q99PG0","Aadac"
"Q99PT1","Arhgdia"
"Q99PU5","Acsbg1"
"Q9CPP6","Ndufa5"
"Q9CPQ1","Cox6c"
"Q9CPQ3","Tomm22"
"Q9CPQ8","Atp5l"
"Q9CPR5","Mrpl15"
"Q9CPU2","Ndufb2"
"Q9CPU4","Mgst3"
"Q9CPX7","Mrps16"
"Q9CPY7","Lap3"
"Q9CQ06","Mrpl24"
"Q9CQ54","Ndufc2"
"Q9CQ60","Pgls"
"Q9CQ69","Uqcrq"
"Q9CQ75","Ndufa2"
"Q9CQ91","Ndufa3"
"Q9CQ92","Fis1"
"Q9CQA6","Chchd1"
"Q9CQB4","Uqcrb"
"Q9CQC7","Ndufb4"
"Q9CQD1","Rab5a"
"Q9CQE1","Nipsnap3b"
"Q9CQE3","Mrps17"
"Q9CQF0","Mrpl11"
"Q9CQF4","1700021F05Rik"
"Q9CQJ8","Ndufb9"
"Q9CQL5","Mrpl18"
"Q9CQS4","Slc25a46"
"Q9CQS8","Sec61b"
"Q9CQV1","Pam16"
"Q9CQV1","Gm9803"
"Q9CQV5","Mrps24"
"Q9CQX2","Cyb5b"
"Q9CQX8","Mrps36"
"Q9CQZ5","Ndufa6"
"Q9CR13","Fmc1"
"Q9CR57","Rpl14"
"Q9CR61","Ndufb7"
"Q9CR68","Uqcrfs1"
"Q9CRB3","Urah"
"Q9CRB6","Tppp3"
"Q9CRB9","Chchd3"
"Q9CRC0","Vkorc1"
"Q9CRD0","Ociad1"
"Q9CVB6","Arpc2"
"Q9CW42","Marc1"
"Q9CWJ9","Atic"
"Q9CWS0","Ddah1"
"Q9CWZ7","Napg"
"Q9CX34","Sugt1"
"Q9CXI0","Coq5"
"Q9CXJ4","Abcb8"
"Q9CXU4","Timm23"
"Q9CXW2","Mrps22"
"Q9CY16","Mrps28"
"Q9CY27","Tecr"
"Q9CY64","Blvra"
"Q9CYT6","Cap2"
"Q9CYW4","Hdhd3"
"Q9CZ86","Zfp248"
"Q9CZC8","Scrn1"
"Q9CZL5","Pcbd2"
"Q9CZP5","Bcs1l"
"Q9CZS1","Aldh1b1"
"Q9CZU6","Cs"
"Q9D023","Mpc2"
"Q9D051","Pdhb"
"Q9D0F3","Lman1"
"Q9D0G0","Mrps30"
"Q9D0K2","Oxct1"
"Q9D0M3","Cyc1"
"Q9D0M5","Dynll2"
"Q9D172","Gatd3a"
"Q9D1B9","Mrpl28"
"Q9D1G3","Hhatl"
"Q9D1N9","Mrpl21"
"Q9D1R1","Tmem126b"
"Q9D2G2","Dlst"
"Q9D2R6","Coa3"
"Q9D387","Lamp5"
"Q9D394","Rufy3"
"Q9D3A9","Ttyh1"
"Q9D3B1","Hacd2"
"Q9D6F9","Tubb4a"
"Q9D6J5","Ndufb8"
"Q9D6J6","Ndufv2"
"Q9D6K5","Synj2bp"
"Q9D6K5","Gm20498"
"Q9D6K8","Fundc2"
"Q9D6M3","Slc25a22"
"Q9D6R2","Idh3a"
"Q9D6S7","Mrrf"
"Q9D6U8","Fam162a"
"Q9D7A8","Armc1"
"Q9D7J4","Cox20"
"Q9D7J9","Echdc3"
"Q9D7N3","Mrps9"
"Q9D7P6","Iscu"
"Q9D880","Timm50"
"Q9D8W7","Ociad2"
"Q9D8Y1","Tmem126a"
"Q9D938","Tmem160"
"Q9D9V3","Echdc1"
"Q9DAS9","Gng12"
"Q9DAW9","Cnn3"
"Q9DB20","Atp5o"
"Q9DB41","Slc25a18"
"Q9DB60","Prxl2b"
"Q9DB72","Btbd17"
"Q9DB73","Cyb5r1"
"Q9DB77","Uqcrc2"
"Q9DBF1","Aldh7a1"
"Q9DBG1","Cyp27a1"
"Q9DBG3","Ap2b1"
"Q9DBG5","Plin3"
"Q9DBL7","Coasy"
"Q9DBM2","Ehhadh"
"Q9DBN5","Lonp2"
"Q9DC07","Nebl"
"Q9DC50","Crot"
"Q9DC69","Ndufa9"
"Q9DC70","Ndufs7"
"Q9DC71","Mrps15"
"Q9DCJ5","Ndufa8"
"Q9DCM0","Ethe1"
"Q9DCM2","Gstk1"
"Q9DCN2","Cyb5r3"
"Q9DCS3","Mecr"
"Q9DCS9","Ndufb10"
"Q9DCT2","Ndufs3"
"Q9DCU2","Pllp"
"Q9DCU6","Mrpl4"
"Q9DCU9","Hoga1"
"Q9DCV4","Rmdn1"
"Q9DCW4","Etfb"
"Q9DCX2","Atp5h"
"Q9DCY0","Keg1"
"Q9DD18","Dtd1"
"Q9DD20","Mettl7b"
"Q9EPN1","Nbea"
"Q9EQ20","Aldh6a1"
"Q9EQF6","Dpysl5"
"Q9ER88","Dap3"
"Q9ERD7","Tubb3"
"Q9ERS2","Ndufa13"
"Q9ES97","Rtn3"
"Q9ESW4","Agk"
"Q9JHI5","Ivd"
"Q9JHU4","Dync1h1"
"Q9JIA1","Lgi1"
"Q9JIK9","Mrps34"
"Q9JIS5","Sv2a"
"Q9JIZ0","Nat8f1"
"Q9JJL8","Sars2"
"Q9JJV2","Pfn2"
"Q9JK42","Pdk2"
"Q9JKC6","Cend1"
"Q9JKD3","Scamp5"
"Q9JKR6","Hyou1"
"Q9JM62","Reep6"
"Q9JM76","Arpc3"
"Q9QUM9","Psma6"
"Q9QUP5","Hapln1"
"Q9QXY6","Ehd3"
"Q9QYG0","Ndrg2"
"Q9QYR6","Map1a"
"Q9QYR9","Acot2"
"Q9QYS2","Grm3"
"Q9QYX7","Pclo"
"Q9QZD8","Slc25a10"
"Q9QZM0","Ubqln2"
"Q9R0A0","Pex14"
"Q9R0H0","Acox1"
"Q9R0N5","Syt5"
"Q9R0P9","Uchl1"
"Q9R0Q6","Arpc1a"
"Q9R0X4","Acot9"
"Q9R0Y5","Ak1"
"Q9R1P3","Psmb2"
"Q9R1Q8","Tagln3"
"Q9R1V7","Adam23"
"Q9WTL7","Lypla2"
"Q9WTP6","Ak2"
"Q9WTP7","Ak3"
"Q9WTR1","Trpv2"
"Q9WU78","Pdcd6ip"
"Q9WU79","Prodh"
"Q9WUB3","Pygm"
"Q9WUG6","Insl5"
"Q9WUM5","Suclg1"
"Q9WUZ9","Entpd5"
"Q9WV27","Atp1a4"
"Q9WV34","Mpp2"
"Q9WV55","Vapa"
"Q9WV92","Epb41l3"
"Q9WVL0","Gstz1"
"Q9Z0E0","Ncdn"
"Q9Z0V2","Kcnd2"
"Q9Z1P6","Ndufa7"
"Q9Z1W8","Atp12a"
"Q9Z211","Pex11a"
"Q9Z239","Fxyd1"
"Q9Z268","Rasal1"
"Q9Z2I0","Letm1"
"Q9Z2I8","Suclg2"
"Q9Z2I9","Sucla2"
"Q9Z2Q6","Sept5"
"S4R1C4","Atp2b2"
"S4R1W1","Gm3839"
"V9GXI7","Mrpl20"
"Z4YKT6","Dhrs7b"
